company_name,Sanctioned Names,Status,matched_keywords,Total_Score,risk_level
9g,No Match,error,No relevant keywords,2.0,medium
a.b.c. kickers bvba,No Match,ENT LP Stopped,No relevant keywords,5.0,medium
a.d. froidmont,No Match,EU Stopped,court,10.0,medium
a.f. security,No Match,EU Stopped,No relevant keywords,5.0,medium
a.f.m. new sa,No Match,not found in KBO data table,No relevant keywords,2.0,medium
a.m.d.i.,No Match,not found in KBO data table,No relevant keywords,2.0,medium
aan de watergang nv,No Match,not found in KBO data table,No relevant keywords,2.0,medium
abi place,No Match,ENT LP Active,No relevant keywords,1.0,medium
ackerman bvba,No Match,ENT LP Active,audit,7.0,medium
activeidea sa,No Match,not found in KBO data table,No relevant keywords,2.0,medium
adeac sa,No Match,not found in KBO data table,No relevant keywords,2.0,medium
agence locale emploi,No Match,not found in KBO data table,No relevant keywords,2.0,medium
agora deinze,No Match,ENT LP Stopped,No relevant keywords,5.0,medium
airport 2000 sprl,No Match,not found in KBO data table,court,7.0,medium
akeru,No Match,error,No relevant keywords,2.0,medium
algemene aannemingen merckx,No Match,ENT LP Stopped,No relevant keywords,5.0,medium
alia consult,No Match,not found in KBO data table,No relevant keywords,2.0,medium
altemp nv,No Match,ENT LP Active,No relevant keywords,1.0,medium
alterimmo,No Match,EU Active,No relevant keywords,1.0,medium
amadeus,No Match,ENT LP Stopped,"court, stock",9.0,medium
andries/frieda,No Match,not found in KBO data table,No relevant keywords,2.0,medium
anja,No Match,ENT LP Stopped,No relevant keywords,5.0,medium
anseeuw houthandel bvba,No Match,error,No relevant keywords,2.0,medium
aquapunt d'autreppe sprl,No Match,ENT LP Stopped,No relevant keywords,5.0,medium
aragonite bvba,No Match,ENT LP Stopped,No relevant keywords,5.0,medium
art-toit sa,No Match,not found in KBO data table,No relevant keywords,2.0,medium
artielle/c.,No Match,not found in KBO data table,No relevant keywords,2.0,medium
association belge des enseignants & pratiquants de yoga (a.b.e.p.y.),No Match,not found in KBO data table,No relevant keywords,2.0,medium
auto's bart,No Match,error,No relevant keywords,2.0,medium
autorijschool gino,No Match,error,No relevant keywords,2.0,medium
aventure parc,No Match,not found in KBO data table,No relevant keywords,2.0,medium
avva systems bvba,No Match,ENT LP Active,No relevant keywords,1.0,medium
axel troch bvba,No Match,error,No relevant keywords,2.0,medium
az st lucas brugge,No Match,error,No relevant keywords,2.0,medium
azet,No Match,error,No relevant keywords,2.0,medium
b & s projects bvba,No Match,EU Active,liquidation,8.0,medium
b next management sprl,No Match,ENT LP Active,No relevant keywords,1.0,medium
b.s.n. bvba,No Match,ENT LP Active,No relevant keywords,1.0,medium
babymoov,No Match,not found in KBO data table,No relevant keywords,2.0,medium
baes/pierre,No Match,not found in KBO data table,No relevant keywords,2.0,medium
bap-asmb,No Match,ENT LP Stopped,No relevant keywords,5.0,medium
beauty spot (the),No Match,not found in KBO data table,No relevant keywords,2.0,medium
bebop bvba,No Match,ENT LP Stopped,No relevant keywords,5.0,medium
beeckmans traiteur nv,No Match,error,No relevant keywords,2.0,medium
beerens alain sprl,No Match,ENT LP Stopped,liquidation,10.0,medium
behague f,No Match,not found in KBO data table,No relevant keywords,2.0,medium
benali/mohammed,No Match,not found in KBO data table,No relevant keywords,2.0,medium
berlaar,No Match,error,No relevant keywords,2.0,medium
bermalux bvba,No Match,ENT LP Stopped,bankruptcy,11.0,medium
bernister (le) sa,No Match,not found in KBO data table,No relevant keywords,2.0,medium
bexco fibres nv,No Match,error,offshore,31.0,prohibited
bij els,No Match,error,No relevant keywords,2.0,medium
bils exclusive travel bvba,No Match,ENT LP Stopped,No relevant keywords,5.0,medium
bionerga,No Match,ENT LP Active,No relevant keywords,1.0,medium
bivit nv,No Match,ENT LP Active,stock,0.0,low
bloemania,No Match,EU Stopped,No relevant keywords,5.0,medium
bloemenkorf (de),No Match,not found in KBO data table,No relevant keywords,2.0,medium
bloemenrijk bvba,No Match,ENT LP Stopped,No relevant keywords,5.0,medium
blond s.,No Match,not found in KBO data table,No relevant keywords,2.0,medium
blue island,No Match,ENT LP Active,"settlement, stock, settlement",10.0,medium
body x - trem,No Match,not found in KBO data table,No relevant keywords,2.0,medium
boes/g.,No Match,not found in KBO data table,No relevant keywords,2.0,medium
bogimac engineering nv,No Match,EU Stopped,No relevant keywords,5.0,medium
bols paul bvba,No Match,ENT LP Active,No relevant keywords,1.0,medium
bonobo apart hotel bvba,No Match,error,No relevant keywords,2.0,medium
bourgeois/jean-paul,No Match,not found in KBO data table,No relevant keywords,2.0,medium
bouw begeleidings bureau bvba,No Match,ENT LP Active,No relevant keywords,1.0,medium
bouwonderneming sterckx bvba,No Match,not found in KBO data table,liquidation,9.0,medium
bovan bvba,No Match,error,No relevant keywords,2.0,medium
brabo cvba,No Match,EU Active,audit,6.0,medium
brasseur henry sa,No Match,not found in KBO data table,No relevant keywords,2.0,medium
briffaerts bvba,No Match,ENT LP Stopped,No relevant keywords,5.0,medium
browaeys/peter,No Match,not found in KBO data table,No relevant keywords,2.0,medium
bs parts,No Match,not found in KBO data table,No relevant keywords,2.0,medium
bulcke p,No Match,not found in KBO data table,No relevant keywords,2.0,medium
buracom bvba,No Match,not found in KBO data table,No relevant keywords,2.0,medium
bureau no?l,No Match,not found in KBO data table,stock,-1.0,low
burrick pia,No Match,not found in KBO data table,No relevant keywords,2.0,medium
c.m.s. sa [senec],No Match,not found in KBO data table,No relevant keywords,2.0,medium
cabinet d'avocats glaude,No Match,not found in KBO data table,arbitration,7.0,medium
cambier d,No Match,not found in KBO data table,No relevant keywords,2.0,medium
carlier/xavier,No Match,not found in KBO data table,No relevant keywords,2.0,medium
carpet-stock m.d.m.,No Match,not found in KBO data table,stock,2.0,medium
carron bjoke,No Match,error,No relevant keywords,2.0,medium
carte blanche sprl,No Match,EU Stopped,liquidation,10.0,medium
cartopack nv,No Match,EU Active,No relevant keywords,1.0,medium
cartovan bvba,No Match,ENT LP Stopped,No relevant keywords,5.0,medium
celtic ireland bvba,No Match,EU Stopped,"liquidation, court",18.0,high
cem container barging nv,No Match,EU Active,No relevant keywords,1.0,medium
centre culturel d'ans,No Match,error,No relevant keywords,2.0,medium
ceulenaere,No Match,not found in KBO data table,No relevant keywords,2.0,medium
ceyssens/jack,No Match,not found in KBO data table,No relevant keywords,2.0,medium
change vr consult,No Match,error,No relevant keywords,2.0,medium
charlier tuinen bvba,No Match,ENT LP Active,No relevant keywords,1.0,medium
chauffage clarembaux sa,No Match,not found in KBO data table,No relevant keywords,2.0,medium
chi-chi dog [chi-chi-dog],No Match,not found in KBO data table,stock,2.0,medium
chocofino bvba,No Match,error,No relevant keywords,2.0,medium
christiaens/pol,No Match,not found in KBO data table,No relevant keywords,2.0,medium
cieffe benelux bvba,No Match,not found in KBO data table,No relevant keywords,2.0,medium
cinar/nihat,No Match,error,No relevant keywords,2.0,medium
ckc sprl,No Match,EU Stopped,No relevant keywords,5.0,medium
claude michel promotion sa,No Match,not found in KBO data table,court,7.0,medium
club sa,No Match,not found in KBO data table,"stock, audit",6.0,medium
coin du feu (au),No Match,not found in KBO data table,No relevant keywords,2.0,medium
comptoir janine,No Match,EU Stopped,No relevant keywords,5.0,medium
conceptelec,No Match,EU Stopped,No relevant keywords,5.0,medium
confederatie bouw west-vlaanderen-kantoor kortrijk,No Match,not found in KBO data table,No relevant keywords,2.0,medium
conteyor multibag systems nv,No Match,ENT LP Stopped,litigation,12.0,medium
coppac,No Match,ENT LP Active,No relevant keywords,1.0,medium
coppens t,No Match,not found in KBO data table,No relevant keywords,2.0,medium
country seasons,No Match,EU Stopped,No relevant keywords,5.0,medium
coup de poing,No Match,ENT LP Active,No relevant keywords,1.0,medium
couwet l.,No Match,not found in KBO data table,No relevant keywords,2.0,medium
cowa europe,No Match,ENT LP Active,No relevant keywords,1.0,medium
crazy cow bvba,No Match,ENT LP Active,liquidation,8.0,medium
cye consult,No Match,ENT LP Active,No relevant keywords,1.0,medium
d p e,No Match,not found in KBO data table,No relevant keywords,2.0,medium
d'haene d,No Match,not found in KBO data table,No relevant keywords,2.0,medium
d'hondt geert,No Match,EU Stopped,crime,34.0,prohibited
d-outlet bvba,No Match,ENT LP Stopped,No relevant keywords,5.0,medium
d.c.r. dienstencheques bvba,No Match,ENT LP Active,No relevant keywords,1.0,medium
daemshof,No Match,error,No relevant keywords,2.0,medium
dakrubbercentrale bvba,No Match,error,No relevant keywords,2.0,medium
dalemans sa,No Match,not found in KBO data table,"stock, court",18.0,high
dams alex bvba [dams alex chape-industrievloeren],No Match,not found in KBO data table,No relevant keywords,2.0,medium
dayyeh company bvba,No Match,ENT LP Active,stock,2.0,medium
de braekeleer karen,No Match,not found in KBO data table,No relevant keywords,2.0,medium
de ceulaer/freddy,No Match,not found in KBO data table,No relevant keywords,2.0,medium
de groeve/jan,No Match,not found in KBO data table,court,8.0,medium
de meuleneire c,No Match,not found in KBO data table,No relevant keywords,2.0,medium
de paepe/liesbeth,No Match,not found in KBO data table,No relevant keywords,2.0,medium
de passage,No Match,not found in KBO data table,No relevant keywords,2.0,medium
de pauw i,No Match,error,court,7.0,medium
de prycker/maarten,No Match,error,No relevant keywords,2.0,medium
de schrijver,No Match,not found in KBO data table,No relevant keywords,2.0,medium
de sleutelbos bvba,No Match,error,No relevant keywords,2.0,medium
de vierkante meter,No Match,ENT LP Active,No relevant keywords,1.0,medium
de vogeleer nv,No Match,not found in KBO data table,No relevant keywords,2.0,medium
deba nv,No Match,ENT LP Stopped,stock,4.0,medium
dejitronic,No Match,EU Stopped,No relevant keywords,5.0,medium
dekoninck construct bvba,No Match,ENT LP Active,No relevant keywords,1.0,medium
delacroix/damien,No Match,not found in KBO data table,No relevant keywords,2.0,medium
delecatessen nathalie,No Match,not found in KBO data table,No relevant keywords,2.0,medium
delfi-delerue,No Match,error,No relevant keywords,2.0,medium
delvith [delvith ag],No Match,not found in KBO data table,No relevant keywords,2.0,medium
demeestere rik,No Match,not found in KBO data table,No relevant keywords,2.0,medium
demuynck k,No Match,not found in KBO data table,criminal,31.0,prohibited
denayer l,No Match,not found in KBO data table,No relevant keywords,2.0,medium
deprez d,No Match,not found in KBO data table,No relevant keywords,2.0,medium
deroteleur h,No Match,not found in KBO data table,No relevant keywords,2.0,medium
destrooper & partners bvba,No Match,ENT LP Active,court,7.0,medium
detaille/jo?lle,No Match,not found in KBO data table,No relevant keywords,2.0,medium
dethier b sa,No Match,not found in KBO data table,No relevant keywords,2.0,medium
detraux l,No Match,not found in KBO data table,No relevant keywords,2.0,medium
deweerdt/paul,No Match,not found in KBO data table,No relevant keywords,2.0,medium
dextra - distri nv,No Match,not found in KBO data table,No relevant keywords,2.0,medium
dialogic sa [dialogic s.a.],No Match,not found in KBO data table,No relevant keywords,2.0,medium
digital data nv,No Match,ENT LP Active,No relevant keywords,1.0,medium
dimitex diffusion sprl,No Match,ENT LP Stopped,No relevant keywords,5.0,medium
districar sa,No Match,EU Stopped,liquidation,12.0,medium
dockx car & truck rental nv,No Match,EU Stopped,No relevant keywords,5.0,medium
dodemont sa,No Match,error,No relevant keywords,2.0,medium
dog's club,No Match,EU Active,No relevant keywords,1.0,medium
don bosco,No Match,not found in KBO data table,wanted,31.0,prohibited
drakobosch,No Match,ENT LP Stopped,No relevant keywords,5.0,medium
dubbel 8,No Match,EU Active,No relevant keywords,1.0,medium
dumortier/marc,No Match,not found in KBO data table,No relevant keywords,2.0,medium
e c s bvba,No Match,error,liquidation,9.0,medium
easy living sa,No Match,not found in KBO data table,No relevant keywords,2.0,medium
economic [economic bvba],No Match,not found in KBO data table,No relevant keywords,2.0,medium
electro depauw bvba,No Match,error,No relevant keywords,2.0,medium
elizabal/lydie,No Match,not found in KBO data table,No relevant keywords,2.0,medium
emmaco,No Match,ENT LP Active,offshore,30.0,high
entraide & fraternitã© vivre ensemble,No Match,not found in KBO data table,No relevant keywords,2.0,medium
entraide culture asbl,No Match,not found in KBO data table,No relevant keywords,2.0,medium
eprivate sprl,No Match,ENT LP Stopped,No relevant keywords,5.0,medium
equiva consulting,No Match,error,No relevant keywords,2.0,medium
esl group sa,No Match,error,No relevant keywords,2.0,medium
ets bullman sa,No Match,not found in KBO data table,No relevant keywords,2.0,medium
ets devergnies sprl,No Match,EU Stopped,No relevant keywords,5.0,medium
eureka events sprl,No Match,ENT LP Active,No relevant keywords,1.0,medium
european tech serv,No Match,ENT LP Stopped,No relevant keywords,5.0,medium
eurosol bvba,No Match,error,No relevant keywords,2.0,medium
exelmans kristof,No Match,not found in KBO data table,No relevant keywords,2.0,medium
f.r. socks,No Match,ENT LP Stopped,No relevant keywords,5.0,medium
faja lobi,No Match,ENT LP Active,"corruption, wanted",94.0,prohibited
fantasia,No Match,ENT LP Stopped,No relevant keywords,5.0,medium
fiducial expertise,No Match,EU Stopped,No relevant keywords,5.0,medium
fievet v,No Match,not found in KBO data table,No relevant keywords,2.0,medium
final touch,No Match,ENT LP Stopped,No relevant keywords,5.0,medium
flahy h,No Match,not found in KBO data table,No relevant keywords,2.0,medium
flanders catering,No Match,not found in KBO data table,No relevant keywords,2.0,medium
florair 3000 sa,No Match,error,No relevant keywords,2.0,medium
focus advertising nv,No Match,error,No relevant keywords,2.0,medium
folders bedeling bvba,No Match,error,liquidation,7.0,medium
fondation pour l'architecture,No Match,not found in KBO data table,No relevant keywords,2.0,medium
food tendance bvba,No Match,EU Stopped,No relevant keywords,5.0,medium
forlan 3 sprl,No Match,ENT LP Active,No relevant keywords,1.0,medium
g-interieur bvba,No Match,error,liquidation,16.0,high
g.m.t. belgium sa,No Match,not found in KBO data table,No relevant keywords,2.0,medium
garden sides,No Match,EU Stopped,No relevant keywords,5.0,medium
geeroms makelaarskantoor bvba,No Match,not found in KBO data table,No relevant keywords,2.0,medium
gelati van houcke bvba,No Match,EU Active,No relevant keywords,1.0,medium
gembloux finances sa,No Match,not found in KBO data table,No relevant keywords,2.0,medium
gerard denis,No Match,not found in KBO data table,court,7.0,medium
gesves.com,No Match,EU Active,No relevant keywords,1.0,medium
ghesquiere f,No Match,not found in KBO data table,court,7.0,medium
glansdorff/isabelle,No Match,not found in KBO data table,No relevant keywords,2.0,medium
gobien/willem,No Match,not found in KBO data table,No relevant keywords,2.0,medium
gommeren bvba,No Match,ENT LP Stopped,No relevant keywords,5.0,medium
goosens/michael,No Match,not found in KBO data table,bankruptcy,7.0,medium
goovaerts w nv,No Match,error,No relevant keywords,2.0,medium
gouleh,No Match,ENT LP Stopped,No relevant keywords,5.0,medium
govaers,No Match,not found in KBO data table,No relevant keywords,2.0,medium
gtf belgium sprl,No Match,error,No relevant keywords,2.0,medium
gueuffen d,No Match,error,court,14.0,medium
gun productions bvba,No Match,ENT LP Active,"liquidation, stock",7.0,medium
gunst/leocadie,No Match,not found in KBO data table,No relevant keywords,2.0,medium
habraken/marc,No Match,error,No relevant keywords,2.0,medium
haesaerts frank,No Match,EU Stopped,No relevant keywords,5.0,medium
hall 78 sa,No Match,not found in KBO data table,court,9.0,medium
hanson aggregates belgium nv,No Match,ENT LP Stopped,"stock, liquidation",11.0,medium
happy life consulting sprl,No Match,ENT LP Active,No relevant keywords,1.0,medium
hdh & co,No Match,not found in KBO data table,No relevant keywords,2.0,medium
heirman/roger,No Match,not found in KBO data table,bankruptcy,7.0,medium
henrotte s,No Match,not found in KBO data table,No relevant keywords,2.0,medium
herckenrode,No Match,ENT LP Active,No relevant keywords,1.0,medium
heremans/erwin,No Match,not found in KBO data table,No relevant keywords,2.0,medium
herman/jozef,No Match,not found in KBO data table,No relevant keywords,2.0,medium
herremans/daniel,No Match,not found in KBO data table,No relevant keywords,2.0,medium
het podium,No Match,ENT LP Stopped,No relevant keywords,5.0,medium
heymans technology sprl,No Match,ENT LP Active,No relevant keywords,1.0,medium
high-performance,No Match,not found in KBO data table,default,7.0,medium
hilde theunis bvba,No Match,not found in KBO data table,No relevant keywords,2.0,medium
horizon l'immobili?re [horizon l'immobiliere],No Match,error,No relevant keywords,2.0,medium
hulens engineering bvba,No Match,ENT LP Stopped,No relevant keywords,5.0,medium
huppertz sa,No Match,not found in KBO data table,No relevant keywords,2.0,medium
hydro-tools sa,No Match,not found in KBO data table,No relevant keywords,2.0,medium
hã¤stens megastore antwerpen,No Match,No result found for this search term,No relevant keywords,2.0,medium
i s t c sa,No Match,not found in KBO data table,No relevant keywords,2.0,medium
ic distri,No Match,not found in KBO data table,stock,1.0,medium
ickx design,No Match,EU Active,No relevant keywords,1.0,medium
ideal interim sa,No Match,error,No relevant keywords,2.0,medium
igilo sa,No Match,not found in KBO data table,No relevant keywords,2.0,medium
imago-textiel bvba,No Match,not found in KBO data table,No relevant keywords,2.0,medium
immo gevan nv,No Match,ENT LP Active,No relevant keywords,1.0,medium
impaco,No Match,ENT LP Stopped,No relevant keywords,5.0,medium
interact consultancy,No Match,ENT LP Stopped,No relevant keywords,5.0,medium
international lashing systems nv [international lashing systems - maritime consolidators belgium],No Match,not found in KBO data table,No relevant keywords,2.0,medium
"international shoe agencies jimmy baert nv, baert nv",No Match,not found in KBO data table,No relevant keywords,2.0,medium
inventive telecom partners sa,No Match,EU Active,No relevant keywords,1.0,medium
investigus agency,No Match,EU Stopped,investigation,11.0,medium
it factory bvba,No Match,EU Active,No relevant keywords,1.0,medium
j&w partners,No Match,not found in KBO data table,stock,1.0,medium
j.l. style sprl,No Match,ENT LP Stopped,No relevant keywords,5.0,medium
jaco traiteur,No Match,not found in KBO data table,No relevant keywords,2.0,medium
janssens f,No Match,error,No relevant keywords,2.0,medium
jeugddienst,No Match,not found in KBO data table,No relevant keywords,2.0,medium
jewel in a box,No Match,EU Active,No relevant keywords,1.0,medium
jgi-computers,No Match,EU Stopped,No relevant keywords,5.0,medium
jmp cars,No Match,not found in KBO data table,No relevant keywords,2.0,medium
just communication,No Match,ENT LP Active,No relevant keywords,1.0,medium
juvo bvba,No Match,ENT LP Active,No relevant keywords,1.0,medium
k.v.s. lighting,No Match,EU Stopped,No relevant keywords,5.0,medium
kapas bvba,No Match,EU Active,No relevant keywords,1.0,medium
ketelssoftwareengineering,No Match,EU Stopped,No relevant keywords,5.0,medium
"kinderwerking ""'t dokske""",No Match,not found in KBO data table,liquidation,9.0,medium
konica minolta business solutions (belgium) nv,No Match,EU Active,No relevant keywords,1.0,medium
koopjesgigant,No Match,EU Stopped,No relevant keywords,5.0,medium
kumps ets sprl,No Match,error,No relevant keywords,2.0,medium
l.d. motors bvba,No Match,ENT LP Active,No relevant keywords,1.0,medium
l.m.i.,No Match,ENT LP Stopped,No relevant keywords,5.0,medium
la bonne bouteille sprl,No Match,error,No relevant keywords,2.0,medium
la couronne [aannemingsbedrijf la couronne],No Match,not found in KBO data table,No relevant keywords,2.0,medium
lambeir/hilde,No Match,not found in KBO data table,No relevant keywords,2.0,medium
lamchassis sprl,No Match,ENT LP Active,No relevant keywords,1.0,medium
lamine/e.,No Match,error,No relevant keywords,2.0,medium
langers kris bvba,No Match,error,No relevant keywords,2.0,medium
lara trans bvba,No Match,ENT LP Active,No relevant keywords,1.0,medium
leenaerts//,No Match,error,No relevant keywords,2.0,medium
lemoine belgium nv,No Match,ENT LP Stopped,stock,4.0,medium
lescrauwaet,No Match,not found in KBO data table,No relevant keywords,2.0,medium
liegeois/marie-christine,No Match,not found in KBO data table,No relevant keywords,2.0,medium
lieve(coiffure),No Match,not found in KBO data table,No relevant keywords,2.0,medium
life-balance,No Match,error,No relevant keywords,2.0,medium
ligue des familles asbl,No Match,error,No relevant keywords,2.0,medium
lingerie fashion bvba,No Match,error,No relevant keywords,2.0,medium
ljb bvba,No Match,ENT LP Active,No relevant keywords,1.0,medium
lorsom/marc,No Match,not found in KBO data table,No relevant keywords,2.0,medium
luxor,No Match,not found in KBO data table,court,7.0,medium
luyckx wim,No Match,EU Stopped,No relevant keywords,5.0,medium
maes adiel nv,No Match,not found in KBO data table,No relevant keywords,2.0,medium
mais,No Match,not found in KBO data table,No relevant keywords,2.0,medium
maison des jeunes,No Match,not found in KBO data table,No relevant keywords,2.0,medium
malengier bvba,No Match,ENT LP Active,No relevant keywords,1.0,medium
mallinder l,No Match,error,No relevant keywords,2.0,medium
mannabis sprl,No Match,ENT LP Stopped,court,15.0,medium
manu koel- en elektrotechniek,No Match,not found in KBO data table,No relevant keywords,2.0,medium
marc (kapsalon),No Match,not found in KBO data table,No relevant keywords,2.0,medium
marissens kantoor,No Match,not found in KBO data table,No relevant keywords,2.0,medium
mdcm [mdcm  sprl],No Match,not found in KBO data table,No relevant keywords,2.0,medium
medata nv,No Match,ENT LP Stopped,No relevant keywords,5.0,medium
media 2000,No Match,ENT LP Stopped,wanted,34.0,prohibited
medical solutions,No Match,not found in KBO data table,No relevant keywords,2.0,medium
meersman/marc,No Match,not found in KBO data table,No relevant keywords,2.0,medium
mega clean housing,No Match,error,No relevant keywords,2.0,medium
mercatorfonds,No Match,ENT LP Active,No relevant keywords,1.0,medium
mertens/jozef,No Match,not found in KBO data table,No relevant keywords,2.0,medium
meubelen neven nv,No Match,ENT LP Active,stock,0.0,low
microman roeselare,No Match,ENT LP Stopped,No relevant keywords,5.0,medium
moerman marnix,No Match,not found in KBO data table,No relevant keywords,2.0,medium
ms racing bvba,No Match,ENT LP Active,No relevant keywords,1.0,medium
mto [m.t.o.],No Match,not found in KBO data table,stock,1.0,medium
muyshondt b,No Match,error,No relevant keywords,2.0,medium
nasim,No Match,error,court,9.0,medium
natalima electro-technique,No Match,EU Stopped,No relevant keywords,5.0,medium
nathalie's trimsalon,No Match,EU Active,No relevant keywords,1.0,medium
nextage,No Match,ENT LP Active,No relevant keywords,1.0,medium
night and day,No Match,not found in KBO data table,"wanted, audit",36.0,prohibited
nijs/steven,No Match,not found in KBO data table,No relevant keywords,2.0,medium
noa productions sprl,No Match,error,No relevant keywords,2.0,medium
north sea boating bvba,No Match,ENT LP Active,No relevant keywords,1.0,medium
notenbaert willy en zoon nv,No Match,not found in KBO data table,No relevant keywords,2.0,medium
notteboom/sofie,No Match,not found in KBO data table,No relevant keywords,2.0,medium
now screen printing sa,No Match,not found in KBO data table,No relevant keywords,2.0,medium
nrd design,No Match,EU Active,No relevant keywords,1.0,medium
nys laswerken bvba,No Match,not found in KBO data table,No relevant keywords,2.0,medium
oh ! la ! la ! boulangerie [oh] la] la] boulangerie sprl],No Match,not found in KBO data table,No relevant keywords,2.0,medium
oikonde antwerpen vzw,No Match,not found in KBO data table,No relevant keywords,2.0,medium
"onze-lieve-vrouwinstituut, middenschool",No Match,error,No relevant keywords,2.0,medium
ools/willy,No Match,not found in KBO data table,No relevant keywords,2.0,medium
opalgo systems,No Match,EU Stopped,No relevant keywords,5.0,medium
optimal aircraft design sprl,No Match,ENT LP Active,"stock, liquidation",4.0,medium
optiwatch bvba,No Match,ENT LP Active,No relevant keywords,1.0,medium
orangette (l'),No Match,not found in KBO data table,dissolved,7.0,medium
orient international,No Match,not found in KBO data table,"stock, dispute",5.0,medium
orthopedie van haesendonck nv,No Match,ENT LP Active,No relevant keywords,1.0,medium
outfort cvba,No Match,ENT LP Active,No relevant keywords,1.0,medium
overlegplatform ggz,No Match,not found in KBO data table,No relevant keywords,2.0,medium
p&o ferries,No Match,not found in KBO data table,No relevant keywords,2.0,medium
p.r.b.m.-consulting bvba,No Match,not found in KBO data table,No relevant keywords,2.0,medium
p.w.t. bvba,No Match,ENT LP Active,No relevant keywords,1.0,medium
packaging service center nv,No Match,error,stock,3.0,medium
palais de chine [le palais de chine],No Match,not found in KBO data table,No relevant keywords,2.0,medium
palladio,No Match,error,"scam, court",36.0,prohibited
pano reizen nv,No Match,ENT LP Stopped,No relevant keywords,5.0,medium
panos,No Match,EU Active,No relevant keywords,1.0,medium
parameditheek juste raoul,No Match,ENT LP Active,No relevant keywords,1.0,medium
parelmoer bvba,No Match,ENT LP Active,No relevant keywords,1.0,medium
parksken ('t),No Match,not found in KBO data table,No relevant keywords,2.0,medium
parton/bert,No Match,not found in KBO data table,No relevant keywords,2.0,medium
patricia,No Match,not found in KBO data table,No relevant keywords,2.0,medium
paulca sprl,No Match,ENT LP Stopped,No relevant keywords,5.0,medium
pauwels/nancy,No Match,not found in KBO data table,No relevant keywords,2.0,medium
pauwelyn koen,No Match,not found in KBO data table,No relevant keywords,2.0,medium
pc concept,No Match,EU Stopped,No relevant keywords,5.0,medium
pc-matic bvba,No Match,ENT LP Active,"scam, audit",35.0,prohibited
pecheny pneus,No Match,ENT LP Active,No relevant keywords,1.0,medium
peeraer en co bvba,No Match,not found in KBO data table,liquidation,9.0,medium
peeters/joseph,No Match,not found in KBO data table,No relevant keywords,2.0,medium
pep's sanit,No Match,ENT LP Stopped,No relevant keywords,5.0,medium
perneel champignons bvba,No Match,not found in KBO data table,No relevant keywords,2.0,medium
piercy/vivien,No Match,error,"insolvency, debt, dispute, insolvency, bankruptcy",25.0,high
pleintje ('t),No Match,not found in KBO data table,No relevant keywords,2.0,medium
pm zeefdruk,No Match,EU Active,No relevant keywords,1.0,medium
pmp amã©nagement sprl,No Match,not found in KBO data table,No relevant keywords,2.0,medium
pommereul e,No Match,not found in KBO data table,default,9.0,medium
prefa-eddy roosen,No Match,error,No relevant keywords,2.0,medium
prestone,No Match,error,No relevant keywords,2.0,medium
prima lettering nv,No Match,ENT LP Active,No relevant keywords,1.0,medium
pro active,No Match,EU Stopped,No relevant keywords,5.0,medium
pro-steam bvba,No Match,ENT LP Active,No relevant keywords,1.0,medium
prognoz europe sprl,No Match,error,"liquidation, court",18.0,high
promelek,No Match,not found in KBO data table,No relevant keywords,2.0,medium
proot/patrick,No Match,error,No relevant keywords,2.0,medium
publi dema bvba,No Match,ENT LP Active,"insolvency, liquidation",10.0,medium
publimax,No Match,ENT LP Stopped,scam,36.0,prohibited
pure nature,No Match,ENT LP Stopped,No relevant keywords,5.0,medium
qatar airways,No Match,EU Active,No relevant keywords,1.0,medium
quartefeuille sprl,No Match,ENT LP Stopped,No relevant keywords,5.0,medium
r.s.b.,No Match,ENT LP Stopped,No relevant keywords,5.0,medium
raes d,No Match,not found in KBO data table,No relevant keywords,2.0,medium
rehau nv,No Match,ENT LP Active,stock,0.0,low
rifo bvba,No Match,ENT LP Active,No relevant keywords,1.0,medium
rivi?ra b bvba,No Match,not found in KBO data table,No relevant keywords,2.0,medium
rob,No Match,not found in KBO data table,No relevant keywords,2.0,medium
rolly/johan,No Match,not found in KBO data table,No relevant keywords,2.0,medium
rotexco nv,No Match,error,No relevant keywords,2.0,medium
rottiers no?lla,No Match,not found in KBO data table,No relevant keywords,2.0,medium
rrco,No Match,ENT LP Stopped,No relevant keywords,5.0,medium
rugtier l,No Match,not found in KBO data table,No relevant keywords,2.0,medium
s.v.t. bvba,No Match,ENT LP Active,liquidation,8.0,medium
saba jaouad,No Match,not found in KBO data table,No relevant keywords,2.0,medium
sac ? sac [sac a sac],No Match,not found in KBO data table,No relevant keywords,2.0,medium
sacrã©/b.,No Match,not found in KBO data table,No relevant keywords,2.0,medium
sam annour,No Match,error,No relevant keywords,2.0,medium
sanivera bvba,No Match,ENT LP Active,No relevant keywords,1.0,medium
sans doute,No Match,error,No relevant keywords,2.0,medium
scan,No Match,not found in KBO data table,No relevant keywords,2.0,medium
schelfaut/johan,No Match,error,No relevant keywords,2.0,medium
scholen sanderus,No Match,not found in KBO data table,No relevant keywords,2.0,medium
schollaert/kristof,No Match,not found in KBO data table,No relevant keywords,2.0,medium
schroven/ivo,No Match,not found in KBO data table,No relevant keywords,2.0,medium
schutters kurt,No Match,EU Stopped,No relevant keywords,5.0,medium
search & selection bvba,No Match,EU Active,No relevant keywords,1.0,medium
sellerie de waimes,No Match,EU Active,stock,0.0,low
sentobin bvba,No Match,ENT LP Active,No relevant keywords,1.0,medium
serafino decoratie bvba,No Match,ENT LP Active,No relevant keywords,1.0,medium
siemens n.v.,No Match,not found in KBO data table,No relevant keywords,2.0,medium
similes-federatie vzw,No Match,not found in KBO data table,No relevant keywords,2.0,medium
simons s.,No Match,not found in KBO data table,fines,33.0,prohibited
slabbinck s,No Match,not found in KBO data table,fines,31.0,prohibited
sluys international nv,No Match,ENT LP Active,No relevant keywords,1.0,medium
smismans/werner,No Match,error,No relevant keywords,2.0,medium
somei sa,No Match,error,No relevant keywords,2.0,medium
speelberg (de),No Match,not found in KBO data table,No relevant keywords,2.0,medium
sport 2000,No Match,ENT LP Stopped,No relevant keywords,5.0,medium
st-laureins,No Match,not found in KBO data table,No relevant keywords,2.0,medium
star entertainment bvba,No Match,ENT LP Active,No relevant keywords,1.0,medium
stassen hoveniersbedrijf,No Match,not found in KBO data table,No relevant keywords,2.0,medium
stegmann belgium,No Match,ENT LP Active,No relevant keywords,1.0,medium
steurs-dockx,No Match,EU Active,No relevant keywords,1.0,medium
stickelmann,No Match,not found in KBO data table,No relevant keywords,2.0,medium
stoa [stoa nv],No Match,not found in KBO data table,No relevant keywords,2.0,medium
stockel sports,No Match,EU Stopped,stock,6.0,medium
stuur zelf bvba,No Match,not found in KBO data table,No relevant keywords,2.0,medium
subliem bvba,No Match,ENT LP Stopped,liquidation,12.0,medium
suetens filip,No Match,not found in KBO data table,No relevant keywords,2.0,medium
sunbeam belgium,No Match,ENT LP Stopped,No relevant keywords,5.0,medium
syndicat d'initiative,No Match,error,No relevant keywords,2.0,medium
tabor,No Match,not found in KBO data table,audit,7.0,medium
take off,No Match,not found in KBO data table,No relevant keywords,2.0,medium
tanghe gerdy bvba,No Match,EU Stopped,No relevant keywords,5.0,medium
te voet,No Match,not found in KBO data table,No relevant keywords,2.0,medium
teknika,No Match,not found in KBO data table,No relevant keywords,2.0,medium
thales information systems,No Match,ENT LP Stopped,No relevant keywords,5.0,medium
the wine agency sprl,No Match,EU Active,No relevant keywords,1.0,medium
theunis/d.,No Match,not found in KBO data table,No relevant keywords,2.0,medium
thys f & j,No Match,not found in KBO data table,No relevant keywords,2.0,medium
tonnelier,No Match,not found in KBO data table,No relevant keywords,2.0,medium
torck christof,No Match,not found in KBO data table,No relevant keywords,2.0,medium
torfs/wim,No Match,not found in KBO data table,No relevant keywords,2.0,medium
toussaint/philippe,No Match,error,No relevant keywords,2.0,medium
transluben sprl,No Match,ENT LP Active,No relevant keywords,1.0,medium
transport donatien kapeta bvba,No Match,ENT LP Stopped,court,11.0,medium
transunie,No Match,ENT LP Stopped,No relevant keywords,5.0,medium
trucaroul nv,No Match,not found in KBO data table,No relevant keywords,2.0,medium
tui travelcenter [world of tui travelcenter],No Match,not found in KBO data table,No relevant keywords,2.0,medium
turi carrelages sprl,No Match,not found in KBO data table,No relevant keywords,2.0,medium
twice as nice,No Match,EU Active,default,6.0,medium
ubca,No Match,not found in KBO data table,"violation, dispute",11.0,medium
universite catholique de louvain,No Match,error,No relevant keywords,2.0,medium
van braband b,No Match,not found in KBO data table,No relevant keywords,2.0,medium
van casteren c,No Match,not found in KBO data table,No relevant keywords,2.0,medium
van cauter j,No Match,not found in KBO data table,No relevant keywords,2.0,medium
van cauwelaert p,No Match,not found in KBO data table,No relevant keywords,2.0,medium
van damme/petra,No Match,not found in KBO data table,No relevant keywords,2.0,medium
van de peer ludo,No Match,error,No relevant keywords,2.0,medium
van de pol,No Match,not found in KBO data table,No relevant keywords,2.0,medium
van de velde/s.,No Match,not found in KBO data table,criminal,34.0,prohibited
van de voorde/peter,No Match,error,No relevant keywords,2.0,medium
van den bergh/walter,No Match,not found in KBO data table,No relevant keywords,2.0,medium
van den berghe/claude,No Match,not found in KBO data table,No relevant keywords,2.0,medium
van den bogaert raf,No Match,EU Active,stock,0.0,low
van den elsen stefaan,No Match,EU Active,No relevant keywords,1.0,medium
van den zegel/roger,No Match,error,No relevant keywords,2.0,medium
van der borght,No Match,not found in KBO data table,No relevant keywords,2.0,medium
van garsse interieurs nv,No Match,ENT LP Stopped,No relevant keywords,5.0,medium
van gucht/nicole,No Match,error,No relevant keywords,2.0,medium
van hauwaert/wilfried,No Match,not found in KBO data table,No relevant keywords,2.0,medium
van overberghe/guy,No Match,not found in KBO data table,No relevant keywords,2.0,medium
van roy/bruno,No Match,not found in KBO data table,No relevant keywords,2.0,medium
vanderheyden/erik,No Match,not found in KBO data table,No relevant keywords,2.0,medium
vanparijs deschrijver vof,No Match,not found in KBO data table,liquidation,9.0,medium
vanparijs-deschrijver,No Match,not found in KBO data table,"liquidation, bankruptcy, liquidation",23.0,high
vdv parket,No Match,error,No relevant keywords,2.0,medium
vebewar bvba,No Match,ENT LP Stopped,liquidation,12.0,medium
vekemans tim,No Match,not found in KBO data table,No relevant keywords,2.0,medium
verbiest c,No Match,not found in KBO data table,No relevant keywords,2.0,medium
verbist/paul,No Match,not found in KBO data table,No relevant keywords,2.0,medium
verhoeven g nv,No Match,not found in KBO data table,No relevant keywords,2.0,medium
verjo metal bvba,No Match,ENT LP Active,No relevant keywords,1.0,medium
vermeiren g,No Match,not found in KBO data table,No relevant keywords,2.0,medium
vermeulen/christ,No Match,not found in KBO data table,stock,1.0,medium
vermoortele/et,No Match,error,No relevant keywords,2.0,medium
verstraete philip,No Match,not found in KBO data table,No relevant keywords,2.0,medium
verstrynge chris,No Match,not found in KBO data table,No relevant keywords,2.0,medium
vervaeke,No Match,not found in KBO data table,No relevant keywords,2.0,medium
vesuvius group s.a.,No Match,not found in KBO data table,No relevant keywords,2.0,medium
veys m,No Match,error,stock,1.0,medium
vingt-deux-dix,No Match,not found in KBO data table,No relevant keywords,2.0,medium
vlaamse judofederatie vzw,No Match,EU Active,No relevant keywords,1.0,medium
wallabie bvba,No Match,ENT LP Stopped,liquidation,12.0,medium
watelet sprl,No Match,not found in KBO data table,No relevant keywords,2.0,medium
webkrea,No Match,error,offshore,31.0,prohibited
wegrio bvba,No Match,ENT LP Stopped,No relevant keywords,5.0,medium
will-pharma,No Match,EU Active,stock,0.0,low
wysmans,No Match,not found in KBO data table,No relevant keywords,2.0,medium
x-sanatec,No Match,error,No relevant keywords,2.0,medium
zerun/piotr,No Match,error,No relevant keywords,2.0,medium
